appid,name,release_date,copiesSold
3419430,Bongo Cat,To be announced,716268
2376580,TRIBE NINE,Coming soon,177565
2226280,BAPBAP,Coming soon,104842
3300410,Garten of Banban 0,Coming soon,97139
3300410,Garten of Banban 0,Coming soon,97139
1203190,Wreckfest 2,Coming soon,91904
1796470,HASTE: Broken Worlds,To be announced,85662
3347400,GIRLS' FRONTLINE 2: EXILIUM,To be announced,82769
3224420,Milky Way Idle,Coming soon,79593
3174070,Texas Hold'em Poker: Pokerist,Coming soon,70163
3174070,Texas Hold'em Poker: Pokerist,Coming soon,70163
1691340,STEEL HUNTERS,Coming soon,43132
2549130,ASURAJANG,Coming soon,32150
2958580,Guards II: Prologue,Coming soon,21986
1376200,KARMA: The Dark World,To be announced,21224
3285700,Life is Feudal: Arden,Coming soon,19377
2446600,Dark Deity 2,To be announced,19224
3443610,ZombieCards,Coming soon,17935
3173560,Anomalous Coffee Machine,Coming soon,13737
3173560,Anomalous Coffee Machine,Coming soon,13737
3222970,Find 100 Ducks and Blast Them!,Coming soon,12882
2012190,KAISERPUNK,To be announced,12467
3151250,The Losers Team,Coming soon,12387
3357250,Corner Kitchen Fast Food Simulator,Coming soon,11779
3253630,Gal Guardians: Servants of the Dark,To be announced,9268
3289580,Winter ~Life in the Countryside~,Coming soon,9204
3422160,Frankie's FunClub,Coming soon,8348
2463800,Iron Saga VS,Coming soon,8243
2744010,Urban Jungle,Coming soon,8030
2977620,Squirreled Away,Coming soon,7995
3172280,SEX Amnesia - Lover Sim üîû,Coming soon,7659
3172280,SEX Amnesia - Lover Sim üîû,Coming soon,7659
3400040,Haunted Property,Coming soon,7604
3408020,Succubus Forest,Coming soon,7206
2523310,Lingo 2,To be announced,6956
3351080,qualia,Coming soon,6737
3106530,Command & Conquer: Tiberium Alliances,Coming soon,6284
2129810,Reignbreaker,Coming soon,5669
3195530,Streamer's Journey üíñ,Coming soon,5547
3158380,Please Subscribe! Magical Revantia Channel: The Magical Girl Powered by Viewers,Coming soon,5545
3158380,Please Subscribe! Magical Revantia Channel: The Magical Girl Powered by Viewers,Coming soon,5545
3405660,Night is Coming ‚Äî Wrath of the Woods,Coming soon,5210
3172270,Blood & Lust [18+]ü©∏,Coming soon,5060
3172270,Blood & Lust [18+]ü©∏,Coming soon,5060
1703610,I Just Want to be Single!! Season One,Coming soon,4921
3107930,MEMOLOGY 2: OLD TIMES,Coming soon,4532
3041820,Lilia: The Fallen Flower in the Prison City,Coming soon,4398
1911940,Twilight Monk,To be announced,4364
3460800,Hidden Cats: City,Coming soon,4158
3460800,Hidden Cats: City,Coming soon,4158
3434440,Welcome Home,Coming soon,4028
2342690,Call of Boba,Coming soon,3902
3132250,Heian City Story,Coming soon,3618
2671010,Turtle Riders,Coming soon,3504
3123830,Dread Tomb,To be announced,3319
2292370,PlayM2M,Coming soon,3309
3439700,HoloCall - Send Your Cheers!,Coming soon,3210
2983140,Trials of Innocence,Coming soon,3061
2829820,Celtic Heroes,Coming soon,3029
3422450,Stray of Lost Cat,Coming soon,2955
3208880,Aquilon's Sex Quest,Coming soon,2918
2586150,The Builder - Season 1,Coming soon,2883
1158880,Nugget Royale,Coming soon,2755
3042830,Legends of Heropolis DX,Coming soon,2738
1100910,GhostCry Hill,Coming soon,2647
3402270,The Dragon Odyssey,Coming soon,2619
2697560,Mojika - Truth Rears Its Ugly Head,Coming soon,2611
3405670,Assetflip attorney,To be announced,2571
3257980,Turtle Riders: Adventure Begins,Coming soon,2548
3384890,Ascent DX,Coming soon,2412
3166910,The Builder - Season 2,Coming soon,2384
3421070,Sayaka's Addiction,Coming soon,2272
3383700,Cards!,Coming soon,2003
3442040,Dream Life in the Country Side,Coming soon,1936
3444690,Dying Sun,Coming soon,1851
3359260,Strawberry,To be announced,1702
3408470,7 Days Shrine,Coming soon,1602
3358360,Motorcycle Night Ride,Coming soon,1578
3433520,The Sixth Sorrow,Coming soon,1428
3051720,Bloodcrave: R18 Prologue,Coming soon,1410
2283580,Voxile,To be announced,1399
2078010,Legends of Immortality,To be announced,1391
2455350,The Deadly Path,To be announced,1384
1888570,Fell,To be announced,1358
2804550,Strongest‚òÜAngel Zerachiel!,Coming soon,1324
2987750,Chorus of Carcosa,To be announced,1272
3399400,Monochrome Echoes - white -,Coming soon,1201
3196830,Boobs Hidden Los Angeles,Coming soon,1160
2121320,TimeLost,Coming soon,1155
3326970,Lustful Victor,Coming soon,1119
3361340,Shop Simulator: Waifu Pillows,Coming soon,1098
2946280,‰∏âÂõΩÊàòÁ∫ø,Coming soon,982
3314340,Burgie's cozy kitchen,Coming soon,971
2764750,The Other Side,Coming soon,964
3361180,DOOMED Detective Game,Coming soon,956
3365140,BrainRot,Coming soon,897
2978180,Desktop Cat Cafe,Coming soon,886
2822970,Girl Who Shrunk the Neighbors,Coming soon,812
1476360,Hang up Street,Coming soon,796
3316090,The Third Pig,Coming soon,776
3316090,The Third Pig,Coming soon,776
2474750,Happy Card,Coming soon,767
3132770,„Ç∑„Ç∑„ÉÜ„Éä„Ç™-Even in Death-,Coming soon,718
3448270,Twilight Tales ‚à£ hollow's store,Coming soon,709
3367010,CHASERS,Coming soon,699
3198680,Puttler,Coming soon,699
2860020,Doors of Insanity: ReOpened,Coming soon,671
3304750,Mansion of the Dead,Coming soon,654
3304750,Mansion of the Dead,Coming soon,654
3009480,IZON.,Coming soon,632
2768100,Slendrina Remake,Coming soon,627
3488900,Kiloton,Coming soon,619
3417690,Mewseum: Masterpieces,Coming soon,618
3441720,Epimutation,Coming soon,609
2684760,Evil Mountains,Coming soon,584
3387880,Sunbay City Stories: Tina from the Grand Auto Workshop,Coming soon,577
3156070,Trailblader,Coming soon,552
3156070,Trailblader,Coming soon,552
3456350,Where the Walls Breathe,Coming soon,546
3456350,Where the Walls Breathe,Coming soon,546
3385740,Fishing Clicker,Coming soon,535
2490330,Parasite in Love,Coming soon,523
3477880,Moon Journey - China's Lunar Exploration Digital Museum,Coming soon,505
1521330,The Trolley Problem Game,Coming soon,503
2282890,Folklands,Coming soon,493
2745490,Vanguard Exiles,Coming soon,492
3138170,Bite-Sized Scares,Coming soon,491
3453360,Tribute,Coming soon,474
3453360,Tribute,Coming soon,474
3005180,Rotosaurus Adventure,To be announced,461
3041770,Breakout Beyond,Coming soon,436
3137220,CrimeSceneCleanersÔΩúÁâπÊÆäÊ∏ÖÊéÉ,Coming soon,404
2890630,You Are Horny,To be announced,397
3282210,The Fire Nobody Started,Coming soon,382
3282210,The Fire Nobody Started,Coming soon,382
1129760,String Theory,Coming soon,376
2766890,Lazer Tag Arena,Coming soon,373
3319250,Shoes Store Simulator,Coming soon,370
3319250,Shoes Store Simulator,Coming soon,370
3316910,UNCURSED,Coming soon,370
3316910,UNCURSED,Coming soon,370
2966400,Silverpine Creek,Coming soon,362
3464640,SSR Summoners,Coming soon,353
3422860,Mage at Stake,Coming soon,351
2520360,Warm Monkey,Coming soon,349
3440750,Beats&Boss,Coming soon,349
2849190,I Want To Be Happy,Coming soon,334
3370350,Happy Furry Restaurant,Coming soon,334
955220,Train Metropolis,Coming soon,331
3410530,Dawn Awaits,Coming soon,329
3314780,TinyCraft Town,Coming soon,317
3314780,TinyCraft Town,Coming soon,317
3348300,Bullet Hell Game Anthology,Coming soon,315
2984860,Letters of Bernard Thorne,Coming soon,312
3453150,ÊÑâÂø´„Åß„Åè„Å†„Çâ„Å™„ÅÑ„Ç≤„Éº„É†,Coming soon,309
3309240,Creeping Clark,Coming soon,308
3309240,Creeping Clark,Coming soon,308
3427410,Wet City,Coming soon,297
3029800,Beat Labs,Coming soon,297
3218120,È¢®Èõ®Êù•Ë®ò,Coming soon,292
3100190,Naughty Nate : Cosplay,Coming soon,290
2973960,SongBird: FlingAThing,Coming soon,288
3418910,Ginger,Coming soon,284
3308190,Ringer,Coming soon,277
3308190,Ringer,Coming soon,277
3389300,Peekaboo,To be announced,271
3398370,Obscura,Coming soon,269
2797080,Mercenary Squad Auto Chess,Coming soon,262
3391060,SurvAIval,Coming soon,262
3365450,A Regular Store,Coming soon,259
3384270,Deep Siege,Coming soon,259
618330,Within the Cosmos,Coming soon,255
3443030,"CLASS 3, THIRD GRADE",Coming soon,252
3460790,Hidden Skulls,Coming soon,250
3460790,Hidden Skulls,Coming soon,250
3427420,BDSM Clicker,Coming soon,249
2913300,CRYPTOFANTASY-Áî≤Ë≥Ä„ÅÆÊõ∏-,Coming soon,246
2755520,Dark Sword: The Light of Ainn,Coming soon,242
3312100,Run Bird Run!,Coming soon,241
3312100,Run Bird Run!,Coming soon,241
3461300,I'm Truely a Good Guy!,Coming soon,239
2924760,DIROK,Coming soon,239
2826590,Sausage Cat,Coming soon,235
2916010,Rogue Conflict,Coming soon,234
3316380,Lilac 0,To be announced,230
3316380,Lilac 0,To be announced,230
2114330,Honeymancer,Coming soon,224
3347250,flood of zombies,Coming soon,222
2619040,SANDRIPPER,Coming soon,219
3015950,Kun‚Äôtewiktuk: A Mi‚Äôkmaw Adventure,Coming soon,215
2892060,Card Toons,Coming soon,212
3498070,Spring Adventure,Coming soon,210
3467620,No throwing,Coming soon,206
3430300,Tayutama: Kiss on my Deity,Coming soon,200
3326810,DOTS Survivors,Coming soon,199
3326810,DOTS Survivors,Coming soon,199
3223180,Foul Bliss,Coming soon,195
3470660,Survivor Manager,Coming soon,194
3460780,Hidden Cats: Japan,Coming soon,192
3460780,Hidden Cats: Japan,Coming soon,192
3190530,Fight For Mi,Coming soon,183
2743760,Real Anime Situation! DT,To be announced,176
2363310,Orderly Havoc,To be announced,176
3503510,Shtrek,Coming soon,174
3298720,Fish Shop Simulator,Coming soon,171
3298720,Fish Shop Simulator,Coming soon,171
2667740,YOUR HOUSE,Coming soon,169
3345760,Silent Anomalies,Coming soon,167
3289570,Scrapped,Coming soon,164
3289570,Scrapped,Coming soon,164
1371550,Flight Catastrophe,To be announced,162
1699030,Geo Mythica,Coming soon,161
2775870,Stalked in Solitude,Coming soon,161
2878930,Farming Life 40,Coming soon,158
2769290,Ringo's Roundup,Coming soon,157
3499520,PianoGlow,Coming soon,155
3370930,SlimeBrew,Coming soon,151
3208740,Pussy Clicker - Adult Idler,Coming soon,149
3385380,Mars Survivor,Coming soon,148
2801710,Vollema,Coming soon,148
3433210,Ghostie's Escape,Coming soon,144
3220610,Face to Face,Coming soon,142
1895720,Project Three,Coming soon,137
3023230,Mongol - Corpses of the divine,To be announced,137
2478120,Nekograms,Coming soon,136
2948230,Catcelona,Coming soon,135
3106310,SIGMA  WAR  NOTES,Coming soon,133
3501370,BANNED TAPES,Coming soon,132
3137530,Escape from Mutation Station,Coming soon,130
3446740,The Random Game,Coming soon,126
3488610,Bedtime Story : Saint,Coming soon,125
2987320,Animal Adventure,Coming soon,125
2894100,Never Experiment On Cats!,Coming soon,124
3175690,Solar Collision Control,Coming soon,124
3175690,Solar Collision Control,Coming soon,124
2655120,Workshop Simulator VR,Coming soon,123
3143190,Hook Line and Sniper,Coming soon,123
3390250,32 SECS,Coming soon,123
3107980,Just Skill Shooter: Catacombs,Coming soon,119
3367740,The Secret Story,Coming soon,116
2847880,Stellar Mess: Operation Kush (Chapter 2),Coming soon,116
3485570,ÿßÿ®Ÿà ŸÅÿßŸÜŸàÿ≥ - Abu Fanous,To be announced,115
2938510,Withered Flower,Coming soon,113
3350790,Banana Ragdoll,Coming soon,113
3463820,Unforgettable: 4th Dimensional Bartending,Coming soon,112
3463820,Unforgettable: 4th Dimensional Bartending,Coming soon,112
3426730,Cosmic Arcade Tycoon,Coming soon,110
3236000,Âü∑ÁùÄÂ≠¶Âúí,Coming soon,109
3398140,Supermarket Simulator Pro,Coming soon,109
3317630,Christine's Care,To be announced,107
3317630,Christine's Care,To be announced,107
3423410,SEXY CHRISTMAS,Coming soon,105
3350800,BOO! ARE YOU SCARED?,Coming soon,105
3107130,Grit Porn Video Tapes,Coming soon,104
3461200,Matchmania Donate,Coming soon,104
3425390,Death and Ladders,Coming soon,103
3308540,Dark Return,Coming soon,102
3308540,Dark Return,Coming soon,102
2702340,Bomber Festival,Coming soon,101
3426680,Iron Skys,Coming soon,99
3416370,Hope's Farm 2,Coming soon,97
3423400,WET GIRLS,Coming soon,97
3484310,Twilight,Coming soon,97
3484310,Twilight,Coming soon,97
3430960,The Lost Desert aka Cube Game 9x,Coming soon,97
3289970,One Wild Futa Nightclub,Coming soon,96
3289970,One Wild Futa Nightclub,Coming soon,96
3478210,Hentai World Festival,Coming soon,96
2459980,WastePunk,To be announced,94
2836490,The Palaces of The Mind,Coming soon,94
1864830,Emblem of Valor,Coming soon,92
2895750,So Fart Away,Coming soon,90
1842320,Slayer : the Demon Haunted World,Coming soon,88
2983520,Tile Tales: Pirate,Coming soon,88
3421670,Babel Defense,Coming soon,88
3465370,Behind The Backrooms : Lost Levels,Coming soon,87
3433990,Chinese Mythology: Journey to the West,Coming soon,86
1323370,Delinquent Community,Coming soon,84
3025100,Soul Armors Recollect,Coming soon,83
2994050,GladMort,Coming soon,81
3388270,Lottery World,Coming soon,81
2368080,EvoWars: New Era,Coming soon,79
2287170,Surviving Skeleton Island,Coming soon,79
3312730,Broken World: Save Your Children,Coming soon,76
2784440,Storage Looter,Coming soon,75
2925290,Ursid,Coming soon,75
3140330,The Fall: Act I,Coming soon,74
3478290,WASTED,Coming soon,74
3314710,RAVENSBURG,Coming soon,73
3314710,RAVENSBURG,Coming soon,73
2724980,CardScrawl,Coming soon,72
2934610,Bober Constructions,Coming soon,71
3074990,Dancing Pandas: Ranger's Path,To be announced,69
3006930,10 Second Rule: Infinity Labo,Coming soon,68
2968070,Cardian,Coming soon,68
3429120,Ïö∞Î¶¨ ÏïÑÎπ†Îäî Ïö©ÏÇ¨ÎûçÎãàÎã§,Coming soon,68
3166490,Caretaker,Coming soon,66
3166490,Caretaker,Coming soon,66
3431380,Dark Genesis,Coming soon,63
2306050,Devil Hunters,Coming soon,62
3513250,Hentai Furry,Coming soon,62
3290550,Malevolent Madness,Coming soon,61
3290550,Malevolent Madness,Coming soon,61
3358650,Ê©ôÂ≠êÂ∞èÁôΩÂ§ßÂÜíÈô©,Coming soon,61
1394990,Heart of Summer,Coming soon,60
3223390,BLACKSHARD,Coming soon,60
3295020,Endless Deaths,Coming soon,60
3045320,Cyborg: Rise,Coming soon,60
3397360,Femboy Feet,Coming soon,60
3350780,Nice Pro?,Coming soon,60
2736040,Dwarfs Delight,Coming soon,60
3323050,Little Resort Simulator,Coming soon,59
3183990,Avoidy Virus,Coming soon,59
3183990,Avoidy Virus,Coming soon,59
2729660,Vaporware Odyssey,Coming soon,57
3306470,Into Death and Beyond,Coming soon,57
2934930,Among The Dead,To be announced,57
2233020,The Quintessential Quintuplets OMOIDE VR ~YOTSUBA~,Coming soon,54
3482240,Picnic Penguin,Coming soon,54
3180510,Social Clicker : Persona,Coming soon,54
3074160,Mythic Merchants,Coming soon,52
3351020,Home Cleaning: Cozy Baby Cleanup,Coming soon,52
1803360,Ostera : The curse of...,Coming soon,51
3470040,Journey to Impossible,Coming soon,50
3435470,Bangalore Daze,Coming soon,50
3399570,YOU Game+,Coming soon,50
3297730,Nightmare Journey,Coming soon,49
2825410,Serke,Coming soon,47
3139280,Opus Cortex: A Nonogram Puzzle Story,Coming soon,47
817800,Overlook Trail,To be announced,46
3139470,Guy Who Sells Jars,Coming soon,46
3351150,Astroball,Coming soon,45
3083340,Ascendaria,Coming soon,44
3317650,Êó†ÈôêÈ™∞Â≠ê,Coming soon,44
3317650,Êó†ÈôêÈ™∞Â≠ê,Coming soon,44
3293800,Fiora,Coming soon,44
3293800,Fiora,Coming soon,44
3414470,Elysium,Coming soon,43
676270,The Mofflys: Invasion Mayhem,Coming soon,42
3435340,Sign White,Coming soon,40
3348500,O.W.L Projekt 2,Coming soon,40
3360420,Evil World HOPSCA,Coming soon,39
2689950,grave desecrator,To be announced,38
2840910,Pizza Delivery Survivors,To be announced,38
3138370,Bundle of Joy,Coming soon,38
3382100,Pocket Oracle,Coming soon,38
3210270,Streets of Rageness: Beat 'Em Up Fighter,Coming soon,37
2997780,Pixel Pixie,Coming soon,37
3067840,3¬∞C: Sand Puzzle,To be announced,36
3284110,Soccer Pro Simulator,Coming soon,36
3284110,Soccer Pro Simulator,Coming soon,36
3346300,Millie and Friends: Hidden Object Puzzles,Coming soon,36
1641770,Let's Go Nuts! 2,Coming soon,36
3493150,Rival Roads Car Racing,Coming soon,36
3486590,Plague Doctor And Panacea,Coming soon,36
2795230,OddRoom,Coming soon,35
3346170,Perimb√≥,Coming soon,35
1750470,Cyrano,To be announced,35
2959710,Astral Hound VR,To be announced,34
3473330,Áöá‰∏äÈ©æÂà∞,Coming soon,34
3094650,Forsaken Ones,Coming soon,33
2555480,Ooze: The Great and Powerful,Coming soon,32
3473630,Stagees - Just Play !,Coming soon,32
3396470,Ambient Dark,Coming soon,31
1800440,Space storm,Coming soon,31
2586430,Undefined Survivors -„Ç¢„É≥„Éá„Ç£„Éï„Ç°„Ç§„É≥„Éâ „Çµ„Éê„Ç§„Éê„Éº„Ç∫-,Coming soon,30
3213000,Starship Fighters: Space Combat Simulator,Coming soon,30
3463560,Zovid27: The Last Vaccine,Coming soon,30
3196800,Barman Simulator,Coming soon,30
2086840,Jumalien,Coming soon,30
3303010,Katana Dragon,To be announced,30
3303010,Katana Dragon,To be announced,30
3368350,Shogi 3D,Coming soon,30
2845780,Cook Saga,Coming soon,30
3297340,Doomed Hell 64: FPS Dungeon Crawler,Coming soon,30
3297340,Doomed Hell 64: FPS Dungeon Crawler,Coming soon,30
3496690,Wild Explorer,Coming soon,30
3148860,Dalafri,Coming soon,30
2730010,Too Small To Matter,Coming soon,30
3157820,Candlelight,Coming soon,30
3157820,Candlelight,Coming soon,30
3405430,Spamware,To be announced,30
3479870,File 47,Coming soon,30
3149440,Audacity,Coming soon,30
3294880,‰∏çÂÆâ„Åî„Å®,Coming soon,30
3294880,‰∏çÂÆâ„Åî„Å®,Coming soon,30
3507980,Hard Wheelchair,Coming soon,30
3404670,The Night of Escape,Coming soon,30
3400820,Leap Of Faith,Coming soon,30
3464700,Lord Of Island,Coming soon,30
3491710,WobblePop,Coming soon,30
3491710,WobblePop,Coming soon,30
2810770,Realmweaver,Coming soon,30
3352070,HOLE: Bottomless,Coming soon,30
3300280,Bio Blast,Coming soon,30
3300280,Bio Blast,Coming soon,30
3492030,The Tower,Coming soon,29
3504460,Raiders of the Apocalypse,To be announced,28
3464180,Reinbo,Coming soon,28
3464180,Reinbo,Coming soon,28
3133790,Swingers,Coming soon,28
3453290,My Gambian Boyfriend,Coming soon,28
1836980,Fortune & Famine,Coming soon,27
3133270,Totally Defenceless,Coming soon,27
3334830,Let's Get Larry a Haircut,Coming soon,27
3334830,Let's Get Larry a Haircut,Coming soon,27
2737680,Blast Hopper,Coming soon,27
3369010,Error Loop,Coming soon,27
3148130,Caelum's Crux,Coming soon,26
3168200,Subzero Stealth,Coming soon,26
3168200,Subzero Stealth,Coming soon,26
3041720,Gooing Up!,Coming soon,26
2924010,Suit Up,Coming soon,25
3120910,The Little Moon,Coming soon,25
2950760,EXIT16: Byilhan Hotel,Coming soon,25
3482100,A Night With: SuperHero,Coming soon,25
2957270,Three Bulky Bears,Coming soon,24
3393450,Timeloop Titans,Coming soon,24
2405730,NMO - No More Operators,To be announced,24
1839710,Alchemists,Coming soon,24
3145810,The medical examination diary: Teamwork in Paradise.,To be announced,24
3316800,Idle Heroes Clicker,Coming soon,24
3316800,Idle Heroes Clicker,Coming soon,24
3286810,Lana Longbeard And The Golden Stacks - Prologue,Coming soon,24
3359440,Soko Spectacle,Coming soon,24
3360880,Spirit Driver,Coming soon,24
3209110,River of Time Yarn,Coming soon,24
3301870,Hydra Hide Land,Coming soon,24
3301870,Hydra Hide Land,Coming soon,24
3489380,DaihaoY,Coming soon,23
3301160,Goblin Assault: Tower Defense,Coming soon,22
3301160,Goblin Assault: Tower Defense,Coming soon,22
3461220,MonsterEnd,Coming soon,22
3461220,MonsterEnd,Coming soon,22
3179720,Voices in the Dark,To be announced,21
3409570,Bricks Smasher,Coming soon,21
3486160,Critical Point,Coming soon,20
2859510,Chromatrix - Tower Defense,Coming soon,19
3480430,Stair Tap,Coming soon,19
2949440,‰∏é‰ªéÁîªÈù¢‰∏≠Âá∫Êù•ÁöÑÊàëÊé®VtuberÁöÑÂêåÂ±ÖÁîüÊ¥ª ÊÉ≥Ë∑üÂ∫∂Ê∞ëÊ¥æÁöÑÂê∏Ë°ÄÈ¨ºÂ§ßÂ∞èÂßêÁ≠æ‰∏ãÂ•ëÁ∫¶,Coming soon,18
2949450,‰ªéÁîªÈù¢‰∏≠Âá∫Êù•ÁöÑÊàëÊé®VtuberÁöÑÂêåÂ±ÖÁîüÊ¥ª ÔΩûÊ¢¶È≠îÂèØÁà±ASMR‰∏ªÊí≠ÊòØÂú∞Èõ∑Á≥ªÔºüÔΩû,Coming soon,18
3415100,Gem Tales,Coming soon,18
2843810,Starborn Survivor,Coming soon,18
2900660,THE DISORDER,To be announced,18
3304710,Potion Shopkeeper Simulator,Coming soon,17
3304710,Potion Shopkeeper Simulator,Coming soon,17
3404110,Move Dash Rush,Coming soon,17
2790770,Forest - The Call For Help,Coming soon,16
3460680,WonderLang Italian,Coming soon,15
3460680,WonderLang Italian,Coming soon,15
3411540,Station,Coming soon,15
3365120,Doomsday Tower Defense,Coming soon,15
2661490,Magia y Demonios,Coming soon,15
2457210,Undershadows,To be announced,15
2832770,Argebe,To be announced,15
3154390,Neon Knights,Coming soon,15
3154390,Neon Knights,Coming soon,15
3215240,Probability Dungeon,Coming soon,15
3447610,Super Sakura Boom Boom Multiverse Madness Ultra¬†Turbo¬†Remix¬†HD,Coming soon,15
3499440,Full Effect,Coming soon,15
3323830,Call from the darkness,Coming soon,15
3323830,Call from the darkness,Coming soon,15
3176790,Tesserarii,To be announced,15
3176790,Tesserarii,To be announced,15
3309460,Demon Knives,Coming soon,15
3370940,Erotic Fantasy Hentai Photographer,Coming soon,15
3497880,Gemmas Gauntlet,Coming soon,15
3450660,Opus Castle VR,Coming soon,15
2314070,Foto Boy: A New Job,Coming soon,15
3126300,Dream Chaser,Coming soon,15
2824960,Fracas,Coming soon,15
3451500,Car Guys,Coming soon,15
3357910,MOBAÂ§ß‰π±Êñó,To be announced,15
3409680,Coffin Delivery,Coming soon,15
3426410,ÊàëÂ∞±ÊòØÂª∫-I just build,Coming soon,15
3413660,Thalorian Arena,Coming soon,15
3274780,"Bike Park Simulator: BMX, Dirt Jump & MTB",Coming soon,15
3292920,Lucky Hand: Roguelike Deck Builder,Coming soon,15
3292920,Lucky Hand: Roguelike Deck Builder,Coming soon,15
3485540,Roofz Panda,Coming soon,15
3487880,Mariusz: the game,Coming soon,15
3487880,Mariusz: the game,Coming soon,15
1656870,Eastwind Adventures: Chapter 1,Coming soon,15
3205130,Regrets,Coming soon,15
2987160,Farming Isles,To be announced,15
3346740,Retro Soccer,Coming soon,15
3385350,Jaguar Suns,Coming soon,15
3358020,Olympus of the Heavens,Coming soon,15
3510330,ÂçïËØçÂÜúÂú∫,Coming soon,15
3289010,Xmas Surprise,To be announced,15
3289010,Xmas Surprise,To be announced,15
3405990,Bowling Simulator,Coming soon,15
2559140,GeoBoxer,Coming soon,15
2825090,Go! Save The Queen!,Coming soon,15
2841360,AIPet,Coming soon,15
2876960,Final Eden,Coming soon,15
3186640,Geometry Jump: Impossible Game,Coming soon,15
3304930,Retro Dungeon Slayer,Coming soon,15
3304930,Retro Dungeon Slayer,Coming soon,15
3310020,Top Burger Shop Simulator,Coming soon,15
3310020,Top Burger Shop Simulator,Coming soon,15
3424780,ÂÆûËá≥ÂêçÂΩíTCA2024ÔºàYes or No?Ôºâ,Coming soon,15
2947410,Fight after Dark,Coming soon,15
3462570,Tombs Of Myra,To be announced,15
3424870,The Throng,Coming soon,15
3156920,Retro Wave,Coming soon,15
3156920,Retro Wave,Coming soon,15
3313800,Zack in Fight,To be announced,15
3313800,Zack in Fight,To be announced,15
3292520,Grandma's In Hell,Coming soon,15
3332680,Enemy Territory Terrorists Takedown,Coming soon,15
3332680,Enemy Territory Terrorists Takedown,Coming soon,15
3486680,ÁîªÂâëDraw Sword,Coming soon,15
3486680,ÁîªÂâëDraw Sword,Coming soon,15
3270660,Sealand Sniper,Coming soon,15
3006650,Dino Jump,Coming soon,15
3328100,Bowlatro,Coming soon,15
3328100,Bowlatro,Coming soon,15
3389680,The Abandoned Crossroads,To be announced,15
3421480,Lizard Survival Duo,Coming soon,15
3484470,zu xing,Coming soon,15
3351290,Specter: The Battle of the Mind,Coming soon,15
1904380,Mortal Darkness,Coming soon,14
3471760,Aleprok,Coming soon,13
3215740,Wandshot,Coming soon,12
3398180,Hephep Fever : Retold,To be announced,12
3159310,Slime: The Cleaner,Coming soon,10
3159310,Slime: The Cleaner,Coming soon,10
3206980,Secret Agent Puzzle,Coming soon,9
1986560,Tilted Tennis,To be announced,9
3498620,Haze: Carnival Of Horror,Coming soon,9
2703970,Me and (My) Cat's Island,Coming soon,7
2803590,Montezuma's Revenge - Director's Cut,Coming soon,6
3379580,Lily And Sury - Adventures on Cristya,Coming soon,6
1807950,Time Flipper,To be announced,4
2421520,Cosmula,Coming soon,4
3484510,Equanimity,Coming soon,1
3361900,Quipu Runner: Warmi's Legacy,To be announced,1
2752790,Mortalis Meltdown,Coming soon,1
3459910,Evaluate,Coming soon,1
3487170,Semantics,Coming soon,1
3487170,Semantics,Coming soon,1
3179950,Off-balance: Balance Party Vol. 2,Coming soon,1
3179950,Off-balance: Balance Party Vol. 2,Coming soon,1
3459920,Fractious,Coming soon,1
3366700,Ultimate Penalty,Coming soon,1
2993370,Red Thread,Coming soon,1
2935260,Pluto Lost Its Colors,Coming soon,1
3201560,RENAI BAKUDAN,Coming soon,1
2988360,IsoMetro,Coming soon,1
3366170,Jirai the Red Panda,To be announced,1
3179490,FootballLife,Coming soon,1
3179490,FootballLife,Coming soon,1
2559880,Z Ops: DeadZone,Coming soon,1
3122670,Ferrous Digital Edition,Coming soon,1
3365130,Air Traffic Control,To be announced,1
3425970,Detective Club: Missing in the Fog Collector's Edition,Coming soon,1
2311060,Downward Spear,To be announced,1
2811750,Grimm's Folly,Coming soon,1
2902210,Esau's World,Coming soon,1
3225030,Sky Combat: WWII Warplane Races,Coming soon,1
3440490,Circus Saboteur,Coming soon,1
3422320,SAIKA,Coming soon,1
3445300,Full Spectrum Gradient,Coming soon,1
3302150,Karaoke Love Song,Coming soon,1
3302150,Karaoke Love Song,Coming soon,1
3290620,Pick My Heart Chapter 2,Coming soon,1
3290620,Pick My Heart Chapter 2,Coming soon,1
3424820,Frisson DT,Coming soon,1
3475020,Tales Of Miravia,Coming soon,1
2821600,Unnamed Arcade,Coming soon,1
3452370,AnderKant 3,Coming soon,1
3452370,AnderKant 3,Coming soon,1
3290610,Pick My Heart Chapter 1,Coming soon,1
3290610,Pick My Heart Chapter 1,Coming soon,1
3063510,„É≠„Ç∏„ÉÉ„ÇØÈ∫ªÈõÄ ÂâµÈæç,Coming soon,1
2074360,The Obsessive Shadow,Coming soon,1
2784550,Buck Swash and the Idol of Tak'Mahud,Coming soon,1
2723340,Dynamic destruction,To be announced,1
2821720,Banished Stone,To be announced,1
2906920,Eternal Fate: A Journey Begins,Coming soon,1
2919230,PHOTOBIA: Tales from the Dark,Coming soon,1
3014930,Wave Defense: Trappist,Coming soon,1
3106860,Oratorio,Coming soon,1
1595890,Traxion 3000,Coming soon,1
3287400,Drone Shooter,Coming soon,1
3287400,Drone Shooter,Coming soon,1
3331690,Static Paradox,Coming soon,1
3331690,Static Paradox,Coming soon,1
3396650,Who Made This,Coming soon,1
3429050,Stellar Shapers,Coming soon,1
3453840,Dead Spaceshot,Coming soon,1
3453840,Dead Spaceshot,Coming soon,1
3458750,Interstellar Escape,Coming soon,1
3458750,Interstellar Escape,Coming soon,1
3319660,The Berenstain Bears Get in a Fight,Coming soon,1
3319650,The Berenstain Bears In the Dark,Coming soon,1
3503970,Food GO! Simulator,Coming soon,1
3416300,Intelektronica,Coming soon,1
3043400,TerminalMaster,Coming soon,1
2978310,Mystic Gals,Coming soon,1
2963100,ErMa (Early Mammal),To be announced,1
3283720,The Righteous Scar,Coming soon,1
3283720,The Righteous Scar,Coming soon,1
3392730,Lifter,Coming soon,1
3399840,Double D. F.,Coming soon,1
3485880,Âì®ÂÖµÈ™ëÂ£´Sentinel Knights,Coming soon,1
3485880,Âì®ÂÖµÈ™ëÂ£´Sentinel Knights,Coming soon,1
2493030,Timo Boll Beats Table Tennis,Coming soon,1
2674200,Mills of Morris,Coming soon,1
3278120,Girls Kitchen Dinner,Coming soon,1
3107810,Stranded With Darkness,Coming soon,1
3190560,Acid Web,Coming soon,1
3447940,Metal Slugger Ops,Coming soon,1
3447940,Metal Slugger Ops,Coming soon,1
3433410,Powder Runners: Maze Quest,Coming soon,1
1347290,Splitfire,To be announced,1
2846000,Terunyan to Amanoiwato,Coming soon,1
3199740,Dimension Warrior,Coming soon,1
3172720,Kara Fantasy,Coming soon,1
3172720,Kara Fantasy,Coming soon,1
3288560,Forgotten Cave: Roguelite Dungeon Crawler,Coming soon,1
3288560,Forgotten Cave: Roguelite Dungeon Crawler,Coming soon,1
3128080,Endless Salvation,Coming soon,1
3307010,Soldiers vs Zombies: Tower Defense,Coming soon,1
3307010,Soldiers vs Zombies: Tower Defense,Coming soon,1
2863770,BAKU+NEKO,Coming soon,1
3430010,The Variant Void,Coming soon,1
3422580,Forest Smasher,To be announced,1
3445720,Drone Dash,Coming soon,1
3457070,TimeParadox,Coming soon,1
3457070,TimeParadox,Coming soon,1
3457730,Area51,Coming soon,1
2258060,The Passengers,Coming soon,1
2808840,MouseWorld,Coming soon,1
2346150,EOL: End Of Line,To be announced,1
3030730,Jasper Redds vs The Ares Belt,Coming soon,1
3291240,Match3 x Tetris,Coming soon,1
3291240,Match3 x Tetris,Coming soon,1
3298230,The Grappler,Coming soon,1
3298230,The Grappler,Coming soon,1
3346790,Ropebound,Coming soon,1
3395750,Pang in Time,Coming soon,1
3394730,risk of rabbit,Coming soon,1
3439010,Clicker Conquest,Coming soon,1
3442240,Red Guest Biography,Coming soon,1
3434620,Spectrum Siege,Coming soon,1
2790270,A Tiny Space Adventure,Coming soon,1
3442660,Love Letters: First Bloom,Coming soon,1
3456880,Pinball Simulator,Coming soon,1
3456880,Pinball Simulator,Coming soon,1
3404160,Portugal Tourism GP!,Coming soon,1
3484360,Interactive Sex - Incest Daughters,Coming soon,1
3489130,MOVE AND DIE,Coming soon,1
3486230,Al Sira,Coming soon,1
3507020,Wild West Simulator,Coming soon,1
3245030,RPG Quiz,Coming soon,1
3225570,The Butterfly Dreams,Coming soon,1
3362140,MIRAGE EpisodeÔºö1,Coming soon,1
2714340,Pop DS,Coming soon,1
3408820,Vida,Coming soon,1
3401850,Erandique,Coming soon,1
1583600,"one two three, four,",Coming soon,1
3033310,Diving Focus,To be announced,1
3098630,BONLE,Coming soon,1
3297030,Control Room,Coming soon,1
3297030,Control Room,Coming soon,1
3267710,Hungry Monster -Cooking Game,Coming soon,1
3346270,Maximum Chaser : 1001 Squad,Coming soon,1
2704320,Strangeland - The Last Colony,Coming soon,1
3332170,Open Fire,Coming soon,1
3332170,Open Fire,Coming soon,1
3436630,NOX AETERNA - Veil of Darkness,Coming soon,1
3415680,Dating App Simulator,Coming soon,1
3483690,Diligent Ranch,Coming soon,1
3479070,Stainless Steel 2048,Coming soon,1
3501960,99999Ry≈ç ,Coming soon,1
3509390,Gliss,Coming soon,1
3489150,Meow,Coming soon,1
2520860,Lawin Catch The Kim,Coming soon,1
2761640,Pirates Ludo: Kanhoji's Island,Coming soon,1
3310350,Tactical Battles,Coming soon,1
3310350,Tactical Battles,Coming soon,1
3331420,Population Quiz,Coming soon,1
3331420,Population Quiz,Coming soon,1
3380170,Bottomless Pitfall,Coming soon,1
3391690,LRUD,Coming soon,1
3433530,Billy's Tower,Coming soon,1
3504970,Starnova Aerospace,Coming soon,1
3474160,Venomous,Coming soon,1
2473400,Void Ninja,Coming soon,1
1098500,Astral Battlefield / ÊòüÁïåÊàòÂú∫,Coming soon,1
2986680,Versus Purgatory,Coming soon,1
3332030,PY-ONEERS,Coming soon,1
3332030,PY-ONEERS,Coming soon,1
3427710,Pinchi-Stingi,Coming soon,1
3427470,Gem Tetris,Coming soon,1
3433280,Haunted Hues,Coming soon,1
3472080,Find The Keys,Coming soon,1
3360330,ÁÅµÈ≠ÇÈáçÁîüReborn the Soul,Coming soon,1
3444360,ÊûÅÈÄüÊªöÁè†,Coming soon,1
3501380,Knight Adventure,Coming soon,1
3477730,Night of the Witch's Invasion,Coming soon,1
3284340,The Madness of Billiards,Coming soon,1
3284340,The Madness of Billiards,Coming soon,1
2930990,Picscape,Coming soon,1
3470070,King of Escape Adventures,Coming soon,1
3511710,hgmGame-breakfast,Coming soon,1
